delete from ethnicity_lookup ;
insert into ethnicity_lookup(order_number, name) values(100,"African-American") ;
insert into ethnicity_lookup(order_number, name) values(101,"Asian-American") ;
insert into ethnicity_lookup(order_number, name) values(102,"Asian") ;
insert into ethnicity_lookup(order_number, name) values(103,"Caucasian") ;
insert into ethnicity_lookup(order_number, name) values(104,"Hispanic") ;
insert into ethnicity_lookup(order_number, name) values(105,"Pacific Islander") ;
insert into ethnicity_lookup(order_number, name) values(106,"Native American") ;
update ethnicity_lookup set created_date=now();

delete from veteran_status_lookup;
insert into veteran_status_lookup(id, order_number, name) values(1, 100,"Active") ;
insert into veteran_status_lookup(id, order_number, name) values(2, 101,"Retired") ;
insert into veteran_status_lookup(id, order_number, name) values(3, 102,"Reserves") ;
insert into veteran_status_lookup(id, order_number, name) values(4, 102,"Not Applicable") ;
update veteran_status_lookup set created_date=now();

delete from relationships_status_lookup;
insert into relationships_status_lookup(order_number, name) value (100, "Married" ) ;
insert into relationships_status_lookup(order_number, name) value (101, "Single") ;
insert into relationships_status_lookup(order_number, name) value (102, "Separated") ;
insert into relationships_status_lookup(order_number, name) value (103, "Divorced") ;
insert into relationships_status_lookup(order_number, name) value (104, "Widow/Widower") ;
insert into relationships_status_lookup(order_number, name) value (105, "Cohabitating") ;
insert into relationships_status_lookup(order_number, name) value (106, "Dependent") ;
update relationships_status_lookup set created_date=now();

delete from education_level_lookup;
insert into education_level_lookup(order_number, name) value (101, "GED" ) ;
insert into education_level_lookup(order_number, name) value (102, "High School Diploma" ) ;
insert into education_level_lookup(order_number, name) value (103, "Bachelor's Degree" ) ;
insert into education_level_lookup(order_number, name) value (104, "Master's Degree") ;
insert into education_level_lookup(order_number, name) value (105, "Doctorate") ;
insert into education_level_lookup(order_number, name) value (106, "Trade School" ) ;
insert into education_level_lookup(order_number, name) value (107, "Associate Degree" ) ;
insert into education_level_lookup(order_number, name) value (108, "Current Student" ) ;
insert into education_level_lookup(order_number, name) value (109, "Other" ) ;
update education_level_lookup set created_date=now();

delete from employment_status_lookup;
insert into employment_status_lookup(order_number, name) value (101, "Employed" ) ;
insert into employment_status_lookup(order_number, name) value (102, "Unemployed" ) ;
insert into employment_status_lookup(order_number, name) value (103, "Retired" ) ;
insert into employment_status_lookup(order_number, name) value (104, "Disability" ) ;
insert into employment_status_lookup(order_number, name) value (105, "Not applicable" ) ;
update employment_status_lookup set created_date=now();

delete from clinical_site_lookup;
insert into clinical_site_lookup(order_number, name) values (100, "Denver - Siemens");
insert into clinical_site_lookup(order_number, name) values (101, "Denver - NeuroQuad");
insert into clinical_site_lookup(order_number, name) values (102, "Seattle - Siemens");
insert into clinical_site_lookup(order_number, name) values (103, "Seattle - NeuroQuad");
insert into clinical_site_lookup(order_number, name) values (104, "Torrance - Picker");
update clinical_site_lookup set created_date=now();

delete from injury_type_lookup;
insert into injury_type_lookup(order_number, name) values(100, "None");
insert into injury_type_lookup(order_number, name) values(100, "Motor Vehicle Accident");
insert into injury_type_lookup(order_number, name) values(101, "Pedestrian/Vehicle accident");
insert into injury_type_lookup(order_number, name) values(102, "Carbon Monoxide Poisoning");
insert into injury_type_lookup(order_number, name) values(103, "Hypoxic Injury");
insert into injury_type_lookup(order_number, name) values(104, "Workers' Compensation");
insert into injury_type_lookup(order_number, name) values(105, "Medical Malpractice");
insert into injury_type_lookup(order_number, name) values(106, "Disability");
update injury_type_lookup set created_date=now();

delete from symptom_lookup;
insert into symptom_lookup(order_number, name) value(101, "Confusion" ) ; 
insert into symptom_lookup(order_number, name) value(102, "Cognitive function problems" ) ; 
insert into symptom_lookup(order_number, name) value(103, "Cognitive decline or changes" ) ; 
insert into symptom_lookup(order_number, name) value(104, "Long-term memory problems" ) ; 
insert into symptom_lookup(order_number, name) value(105, "Short-term memory problems" ) ; 
insert into symptom_lookup(order_number, name) value(106, "Difficulty integrating information" ) ; 
insert into symptom_lookup(order_number, name) value(107, "Difficulty learning new things" ) ; 
insert into symptom_lookup(order_number, name) value(108, "Difficulty performing familiar tasks" ) ; 
insert into symptom_lookup(order_number, name) value(109, "Problems with language/word finding" ) ; 
insert into symptom_lookup(order_number, name) value(110, "Disorientation to time and/or place" ) ; 
insert into symptom_lookup(order_number, name) value(111, "Decreased judgment" ) ; 
insert into symptom_lookup(order_number, name) value(112, "Problems with abstract thinking" ) ; 
insert into symptom_lookup(order_number, name) value(113, "Personality changes" ) ; 
insert into symptom_lookup(order_number, name) value(114, "Anger control problems" ) ; 
insert into symptom_lookup(order_number, name) value(115, "Rage" ) ; 
insert into symptom_lookup(order_number, name) value(116, "Impulse control problems" ) ; 
insert into symptom_lookup(order_number, name) value(117, "Difficulty with concentration" ) ; 
insert into symptom_lookup(order_number, name) value(118, "Difficulty following instructions" ) ; 
insert into symptom_lookup(order_number, name) value(119, "Problems paying attention" ) ; 
insert into symptom_lookup(order_number, name) value(120, "Losing things" ) ; 
insert into symptom_lookup(order_number, name) value(121, "Making careless mistakes" ) ; 
insert into symptom_lookup(order_number, name) value(122, "Distractibility" ) ; 
insert into symptom_lookup(order_number, name) value(123, "Disorganization" ) ; 
insert into symptom_lookup(order_number, name) value(124, "Restlessness" ) ; 
insert into symptom_lookup(order_number, name) value(125, "Fidgetiness" ) ; 
insert into symptom_lookup(order_number, name) value(126, "Low frustration tolerance" ) ; 
insert into symptom_lookup(order_number, name) value(127, "Excessive sadness" ) ; 
insert into symptom_lookup(order_number, name) value(128, "Loss of appetite" ) ; 
insert into symptom_lookup(order_number, name) value(129, "Increased appetite" ) ; 
insert into symptom_lookup(order_number, name) value(130, "Insomnia" ) ; 
insert into symptom_lookup(order_number, name) value(131, "Sleeping too much" ) ; 
insert into symptom_lookup(order_number, name) value(132, "Fatigue" ) ; 
insert into symptom_lookup(order_number, name) value(133, "Inappropriate guilt" ) ; 
insert into symptom_lookup(order_number, name) value(134, "Grief" ) ; 
insert into symptom_lookup(order_number, name) value(135, "Loss of interest in things" ) ; 
insert into symptom_lookup(order_number, name) value(136, "Loss of motivation" ) ; 
insert into symptom_lookup(order_number, name) value(137, "Self-mutilation (cutting)" ) ; 
insert into symptom_lookup(order_number, name) value(138, "Paranoia" ) ; 
insert into symptom_lookup(order_number, name) value(139, "Delusions" ) ; 
insert into symptom_lookup(order_number, name) value(140, "Visual Hallucinations" ) ; 
insert into symptom_lookup(order_number, name) value(141, "Auditory Hallucinations" ) ; 
insert into symptom_lookup(order_number, name) value(142, "Psychotic episodes" ) ; 
insert into symptom_lookup(order_number, name) value(143, "Risky behavior" ) ; 
insert into symptom_lookup(order_number, name) value(144, "Mood swings" ) ; 
insert into symptom_lookup(order_number, name) value(145, "Irritability" ) ; 
insert into symptom_lookup(order_number, name) value(146, "Elevated mood" ) ; 
insert into symptom_lookup(order_number, name) value(147, "Need less sleep" ) ; 
insert into symptom_lookup(order_number, name) value(148, "Talkativeness" ) ; 
insert into symptom_lookup(order_number, name) value(149, "Racing thoughts" ) ; 
insert into symptom_lookup(order_number, name) value(150, "Promiscuity" ) ; 
insert into symptom_lookup(order_number, name) value(151, "Increased energy" ) ; 
insert into symptom_lookup(order_number, name) value(152, "Suicidal thoughts" ) ; 
insert into symptom_lookup(order_number, name) value(153, "Suicide plans" ) ; 
insert into symptom_lookup(order_number, name) value(154, "Suicide attempt(s)" ) ; 
insert into symptom_lookup(order_number, name) value(155, "Homicidal ideation" ) ; 
insert into symptom_lookup(order_number, name) value(156, "Worry" ) ; 
insert into symptom_lookup(order_number, name) value(157, "General anxiety" ) ; 
insert into symptom_lookup(order_number, name) value(158, "Panic attacks" ) ; 
insert into symptom_lookup(order_number, name) value(159, "Social anxiety" ) ; 
insert into symptom_lookup(order_number, name) value(160, "Performance anxiety" ) ; 
insert into symptom_lookup(order_number, name) value(161, "Compulsive behavior" ) ; 
insert into symptom_lookup(order_number, name) value(162, "Obsessive thoughts" ) ; 
insert into symptom_lookup(order_number, name) value(163, "Flashbacks of trauma" ) ; 
insert into symptom_lookup(order_number, name) value(164, "Nightmares" ) ; 
insert into symptom_lookup(order_number, name) value(165, "Frequentheadaches" ) ; 
insert into symptom_lookup(order_number, name) value(166, "Frequent dizziness" ) ; 
insert into symptom_lookup(order_number, name) value(167, "Fainting spells" ) ; 
insert into symptom_lookup(order_number, name) value(168, "Balance problems" ) ; 
insert into symptom_lookup(order_number, name) value(169, "Blurred  vision" ) ; 
insert into symptom_lookup(order_number, name) value(170, "Double vision" ) ; 
insert into symptom_lookup(order_number, name) value(171, "Ringing in ears" ) ; 
insert into symptom_lookup(order_number, name) value(172, "Loss of sense of smell" ) ; 
insert into symptom_lookup(order_number, name) value(173, "Nausea" ) ; 
insert into symptom_lookup(order_number, name) value(174, "Gastrointestinal problems" ) ; 
insert into symptom_lookup(order_number, name) value(175, "Urinary problems" ) ; 
insert into symptom_lookup(order_number, name) value(176, "Involuntary tics" ) ; 
insert into symptom_lookup(order_number, name) value(177, "Hot flashes" ) ; 
insert into symptom_lookup(order_number, name) value(178, "Sensory problems - Sensitivity to light" ) ; 
insert into symptom_lookup(order_number, name) value(179, "Sensory problems - Sensitivity to sounds" ) ;  
insert into symptom_lookup(order_number, name) value(180, "Sensory problems - Sensitivity to touch" ) ; 
insert into symptom_lookup(order_number, name) value(181, "Sensory problems - Sensory dysintegration" ) ; 
insert into symptom_lookup(order_number, name) value(182, "Muscle spasms" ) ; 
insert into symptom_lookup(order_number, name) value(183, "Muscle pain" ) ; 
insert into symptom_lookup(order_number, name) value(184, "Tremors" ) ; 
update symptom_lookup set created_date=now();

delete from incoming_diagnoses_lookup;
insert into incoming_diagnoses_lookup(order_number, name) values(101, "ADD/ADHD" ) ;
insert into incoming_diagnoses_lookup(order_number, name) values(102, "Alcoholism" ) ;      
insert into incoming_diagnoses_lookup(order_number, name) values(103, "Alzheimer's disease" ) ;
insert into incoming_diagnoses_lookup(order_number, name) values(104, "Anoxic/hypoxic brain injury" ) ; 
insert into incoming_diagnoses_lookup(order_number, name) values(105, "Anxiety" ) ;
insert into incoming_diagnoses_lookup(order_number, name) values(106, "Arthritis" ) ; 
insert into incoming_diagnoses_lookup(order_number, name) values(107, "Asperger's disorder" ) ; 
insert into incoming_diagnoses_lookup(order_number, name) values(108, "Autism" ) ;  
insert into incoming_diagnoses_lookup(order_number, name) values(109, "Autoimmune disorder" ) ;
insert into incoming_diagnoses_lookup(order_number, name) values(110, "Back injuries" ) ;
insert into incoming_diagnoses_lookup(order_number, name) values(111, "Bipolar spectrum disorder" ) ;
insert into incoming_diagnoses_lookup(order_number, name) values(112, "Birth deformities" ) ;                
insert into incoming_diagnoses_lookup(order_number, name) values(113, "Bleeding problems" ) ;
insert into incoming_diagnoses_lookup(order_number, name) values(114, "Blood transfusions" ) ;
insert into incoming_diagnoses_lookup(order_number, name) values(115, "Borderline personality disorder" ) ;
insert into incoming_diagnoses_lookup(order_number, name) values(116, "Brain injury - Impact/Collision" ) ;
insert into incoming_diagnoses_lookup(order_number, name) values(117, "Brain injury - Blast" ) ;
insert into incoming_diagnoses_lookup(order_number, name) values(118, "Brain injury - Assault" ) ;
insert into incoming_diagnoses_lookup(order_number, name) values(119, "Brain injury - Hypoxic/Anoxic" ) ;
insert into incoming_diagnoses_lookup(order_number, name) values(120, "Brain tumor (malignant)" ) ;
insert into incoming_diagnoses_lookup(order_number, name) values(121, "Brain tumor (benign)" ) ;
insert into incoming_diagnoses_lookup(order_number, name) values(122, "Cancer" ) ;
insert into incoming_diagnoses_lookup(order_number, name) values(123, "Cerebral palsy" ) ;
insert into incoming_diagnoses_lookup(order_number, name) values(124, "Cholesterol abnormalities" ) ;
insert into incoming_diagnoses_lookup(order_number, name) values(125, "Chronic pain" ) ;
insert into incoming_diagnoses_lookup(order_number, name) values(126, "Concussion" ) ;
insert into incoming_diagnoses_lookup(order_number, name) values(127, "Conduct disorder" ) ; 
insert into incoming_diagnoses_lookup(order_number, name) values(128, "Dementia" ) ;
insert into incoming_diagnoses_lookup(order_number, name) values(129, "Depression" ) ;
insert into incoming_diagnoses_lookup(order_number, name) values(130, "Diabetes" ) ;
insert into incoming_diagnoses_lookup(order_number, name) values(131, "Eating disorder" ) ;
insert into incoming_diagnoses_lookup(order_number, name) values(132, "Fatigue" ) ;
insert into incoming_diagnoses_lookup(order_number, name) values(133, "Fibromyalgia" ) ;
insert into incoming_diagnoses_lookup(order_number, name) values(134, "Headaches (migraine)" ) ;
insert into incoming_diagnoses_lookup(order_number, name) values(135, "Headaches (tension)" ) ;
insert into incoming_diagnoses_lookup(order_number, name) values(136, "Hearing problems" ) ;
insert into incoming_diagnoses_lookup(order_number, name) values(137, "Human immune virus (HIV)" ) ;
insert into incoming_diagnoses_lookup(order_number, name) values(138, "Hypertension" ) ;
insert into incoming_diagnoses_lookup(order_number, name) values(139, "Inhalant abuse" ) ;
insert into incoming_diagnoses_lookup(order_number, name) values(140, "Kidney disease" ) ;
insert into incoming_diagnoses_lookup(order_number, name) values(141, "Learning disorder" ) ;
insert into incoming_diagnoses_lookup(order_number, name) values(142, "Liver disease" ) ;
insert into incoming_diagnoses_lookup(order_number, name) values(143, "Lupus" ) ;
insert into incoming_diagnoses_lookup(order_number, name) values(144, "Lyme disease" ) ;
insert into incoming_diagnoses_lookup(order_number, name) values(145, "Menopause" ) ;
insert into incoming_diagnoses_lookup(order_number, name) values(146, "Mental retardation" ) ;
insert into incoming_diagnoses_lookup(order_number, name) values(147, "Multiple sclerosis" ) ;
insert into incoming_diagnoses_lookup(order_number, name) values(148, "Neck injury" ) ;
insert into incoming_diagnoses_lookup(order_number, name) values(149, "Obsessive compulsive disorder" ) ;
insert into incoming_diagnoses_lookup(order_number, name) values(150, "Oppositional defiant disorder" ) ;
insert into incoming_diagnoses_lookup(order_number, name) values(151, "Panic attacks" ) ;
insert into incoming_diagnoses_lookup(order_number, name) values(152, "Parkinson's disease" ) ;
insert into incoming_diagnoses_lookup(order_number, name) values(153, "Posttraumatic stress disorder" ) ;
insert into incoming_diagnoses_lookup(order_number, name) values(154, "Prescription drug abuse" ) ;
insert into incoming_diagnoses_lookup(order_number, name) values(155, "Schizophrenia" ) ;
insert into incoming_diagnoses_lookup(order_number, name) values(156, "Seizure disorder" ) ;
insert into incoming_diagnoses_lookup(order_number, name) values(157, "Sexually transmitted disease" ) ;
insert into incoming_diagnoses_lookup(order_number, name) values(158, "Sleep apnea" ) ;
insert into incoming_diagnoses_lookup(order_number, name) values(159, "Social phobia" ) ;
insert into incoming_diagnoses_lookup(order_number, name) values(160, "Stomach ulcers" ) ;
insert into incoming_diagnoses_lookup(order_number, name) values(161, "Stroke" ) ;
insert into incoming_diagnoses_lookup(order_number, name) values(162, "Substance abuse" ) ;
insert into incoming_diagnoses_lookup(order_number, name) values(163, "Thyroid problems" ) ;
insert into incoming_diagnoses_lookup(order_number, name) values(164, "Tic disorder" ) ;
insert into incoming_diagnoses_lookup(order_number, name) values(165, "Toxic brain injury" ) ; 
insert into incoming_diagnoses_lookup(order_number, name) values(166, "Transient ischemic attack (TIA)" ) ;
update incoming_diagnoses_lookup set created_date=now();

delete from outgoing_diagnoses_lookup;
insert into outgoing_diagnoses_lookup(order_number, name) values(100, "Acoustic Neuroma" ) ;
insert into outgoing_diagnoses_lookup(order_number, name) values(101, "Agenesis of the corpus callosum" ) ;
insert into outgoing_diagnoses_lookup(order_number, name) values(102, "Alzheimer's disease" ) ;
insert into outgoing_diagnoses_lookup(order_number, name) values(103, "Anoxic brain injury" ) ;
insert into outgoing_diagnoses_lookup(order_number, name) values(104, "Anoxic/Hypoxic brain injury" ) ;
insert into outgoing_diagnoses_lookup(order_number, name) values(105, "Anxiety" ) ;
insert into outgoing_diagnoses_lookup(order_number, name) values(106, "Asperger's disorder" ) ;
insert into outgoing_diagnoses_lookup(order_number, name) values(107, "Attention deficit hyperactivity disorder" ) ;
insert into outgoing_diagnoses_lookup(order_number, name) values(108, "Autism spectrum disorder" ) ;
insert into outgoing_diagnoses_lookup(order_number, name) values(109, "Bipolar disorder" ) ; 
insert into outgoing_diagnoses_lookup(order_number, name) values(110, "Borderline personality disorder" ) ;
insert into outgoing_diagnoses_lookup(order_number, name) values(111, "Carbon monoxide poisoning" ) ;
insert into outgoing_diagnoses_lookup(order_number, name) values(112, "Cerebrovascular accident" ) ;
insert into outgoing_diagnoses_lookup(order_number, name) values(113, "Cerebrovascular disease" ) ;
insert into outgoing_diagnoses_lookup(order_number, name) values(114, "Cerebrovascular insufficiency" ) ;
insert into outgoing_diagnoses_lookup(order_number, name) values(115, "Cerebrovascular trauma" ) ;
insert into outgoing_diagnoses_lookup(order_number, name) values(116, "Cognitive rigidity" ) ;
insert into outgoing_diagnoses_lookup(order_number, name) values(117, "Communicating hydrocephalus" ) ;
insert into outgoing_diagnoses_lookup(order_number, name) values(118, "Crossed cerebellar diaschisis" ) ;
insert into outgoing_diagnoses_lookup(order_number, name) values(119, "Depression" ) ;
insert into outgoing_diagnoses_lookup(order_number, name) values(120, "Depressive phase of cycling mood disorder" ) ;
insert into outgoing_diagnoses_lookup(order_number, name) values(121, "Diffuse neuronal injury/dysfunction" ) ;
insert into outgoing_diagnoses_lookup(order_number, name) values(122, "Dissociative paranoia" ) ;
insert into outgoing_diagnoses_lookup(order_number, name) values(123, "Dyscalcula" ) ;
insert into outgoing_diagnoses_lookup(order_number, name) values(124, "Executive dysfunction" ) ;
insert into outgoing_diagnoses_lookup(order_number, name) values(125, "Frontotemporal dementia" ) ;
insert into outgoing_diagnoses_lookup(order_number, name) values(126, "Hypofrontality" ) ;
insert into outgoing_diagnoses_lookup(order_number, name) values(127, "Increased cortical to ventricle ratio" ) ;
insert into outgoing_diagnoses_lookup(order_number, name) values(128, "Infectious process" ) ;
insert into outgoing_diagnoses_lookup(order_number, name) values(129, "Learning disorder" ) ;
insert into outgoing_diagnoses_lookup(order_number, name) values(130, "Learning/language disorder" ) ;
insert into outgoing_diagnoses_lookup(order_number, name) values(131, "Microvascular disease" ) ;
insert into outgoing_diagnoses_lookup(order_number, name) values(132, "Mixed neurodegenerative process" ) ;
insert into outgoing_diagnoses_lookup(order_number, name) values(133, "Mood disorder" ) ;
insert into outgoing_diagnoses_lookup(order_number, name) values(134, "Neurodegenerative process" ) ;
insert into outgoing_diagnoses_lookup(order_number, name) values(135, "Neurodevelopmental disorder" ) ;
insert into outgoing_diagnoses_lookup(order_number, name) values(136, "Neuroimmune process" ) ;
insert into outgoing_diagnoses_lookup(order_number, name) values(137, "Non-communicating hydrocephalus" ) ;
insert into outgoing_diagnoses_lookup(order_number, name) values(138, "Obsessive compulsive disorder" ) ;
insert into outgoing_diagnoses_lookup(order_number, name) values(139, "Neurodevelopmental disorder" ) ;
insert into outgoing_diagnoses_lookup(order_number, name) values(140, "Rigid cognitive inflexibility" ) ;
insert into outgoing_diagnoses_lookup(order_number, name) values(141, "schizophrenia" ) ;
insert into outgoing_diagnoses_lookup(order_number, name) values(142, "Seizure focus" ) ;
insert into outgoing_diagnoses_lookup(order_number, name) values(143, "Seizure foci" ) ; 
insert into outgoing_diagnoses_lookup(order_number, name) values(144, "Stroke" ) ;
insert into outgoing_diagnoses_lookup(order_number, name) values(145, "Thought disorder" ) ;
insert into outgoing_diagnoses_lookup(order_number, name) values(146, "Tourettte's disorder" ) ;
insert into outgoing_diagnoses_lookup(order_number, name) values(147, "Toxic brain injury" ) ;
insert into outgoing_diagnoses_lookup(order_number, name) values(148, "Toxic/anoxic brain injury" ) ;
insert into outgoing_diagnoses_lookup(order_number, name) values(149, "Toxic/hypoxic/neuroimmune process" ) ;
insert into outgoing_diagnoses_lookup(order_number, name) values(150, "Traumatic brain injury" ) ;
insert into outgoing_diagnoses_lookup(order_number, name) values(151, "Tumor" ) ;
insert into outgoing_diagnoses_lookup(order_number, name) values(152, "Widening of the central sulcus" ) ;
update outgoing_diagnoses_lookup set created_date=now();

delete from brain_area_lookup;
insert into brain_area_lookup(order_number, name) values (100, "frontal lobe");
insert into brain_area_lookup(order_number, name) values (101, "anterior frontal");
insert into brain_area_lookup(order_number, name) values (102, "anterolateral frontal");
insert into brain_area_lookup(order_number, name) values (103, "inferior frontal"); 
insert into brain_area_lookup(order_number, name) values (104, "lateral frontal"); 
insert into brain_area_lookup(order_number, name) values (105, "orbital frontal"); 
insert into brain_area_lookup(order_number, name) values (106, "posterior frontal"); 
insert into brain_area_lookup(order_number, name) values (107, "superior anterior frontal"); 
insert into brain_area_lookup(order_number, name) values (108, "superior posterior frontal"); 
insert into brain_area_lookup(order_number, name) values (109, "superior posterior fronto-parietal");
insert into brain_area_lookup(order_number, name) values (110, "frontoparietal"); 
insert into brain_area_lookup(order_number, name) values (111, "parietal lobe");
insert into brain_area_lookup(order_number, name) values (112, "anterior parietal"); 
insert into brain_area_lookup(order_number, name) values (113, "lateral parietal"); 
insert into brain_area_lookup(order_number, name) values (114, "posterior parietal"); 
insert into brain_area_lookup(order_number, name) values (115, "superior parietal");
insert into brain_area_lookup(order_number, name) values (116, "parieto-occipital"); 
insert into brain_area_lookup(order_number, name) values (117, "occipital lobe");
insert into brain_area_lookup(order_number, name) values (118, "temporal lobe");	
insert into brain_area_lookup(order_number, name) values (119, "anterior temporal"); 
insert into brain_area_lookup(order_number, name) values (120, "anteromedial temporal"); 
insert into brain_area_lookup(order_number, name) values (121, "lateral temporal"); 
insert into brain_area_lookup(order_number, name) values (122, "medial temporal"); 
insert into brain_area_lookup(order_number, name) values (123, "posterior temporal"); 
insert into brain_area_lookup(order_number, name) values (124, "temporo-parietal"); 
insert into brain_area_lookup(order_number, name) values (125, "cerebellum"); 
insert into brain_area_lookup(order_number, name) values (126, "anterior cerebellum");
insert into brain_area_lookup(order_number, name) values (127, "cerebellar vermis");
insert into brain_area_lookup(order_number, name) values (128, "crossed cerebellar diaschisis");	
insert into brain_area_lookup(order_number, name) values (129, "brain stem");
update brain_area_lookup set created_date=now();

delete from traumatic_brain_injury_lookup;
insert into traumatic_brain_injury_lookup(order_number, name) values(101, "Motor vehicle accidents") ;
insert into traumatic_brain_injury_lookup(order_number, name) values(102, "Sports accidents") ;
insert into traumatic_brain_injury_lookup(order_number, name) values(103, "Recreational accidents") ;
insert into traumatic_brain_injury_lookup(order_number, name) values(104, "Assault (non-combat)") ;
insert into traumatic_brain_injury_lookup(order_number, name) values(105, "Combat injury") ;
insert into traumatic_brain_injury_lookup(order_number, name) values(106, "Falls") ;
insert into traumatic_brain_injury_lookup(order_number, name) values(107, "Other accident") ;
insert into traumatic_brain_injury_lookup(order_number, name) values(108, "Brain Surgery") ;
insert into traumatic_brain_injury_lookup(order_number, name) values(109, "None reported") ;
update traumatic_brain_injury_lookup set created_date=now();

delete from medication_type_lookup;
insert into medication_type_lookup(order_number, name) values(100, "current");
insert into medication_type_lookup(order_number, name) values(102, "past");
update medication_type_lookup set created_date=now();

delete from birth_trauma_lookup;
insert into birth_trauma_lookup(order_number, name) values(100, "Hypoxia");
insert into birth_trauma_lookup(order_number, name) values(102, "Fetal distress");
insert into birth_trauma_lookup(order_number, name) values(103, "Forceps");
insert into birth_trauma_lookup(order_number, name) values(104, "Other birth problems");
update birth_trauma_lookup set created_date=now();

delete from development_milestone_lookup;
insert into development_milestone_lookup(order_number, name) values(101, "Normal");
insert into development_milestone_lookup(order_number, name) values(102, "Delayed language");
insert into development_milestone_lookup(order_number, name) values(103, "Delayed motor");
insert into development_milestone_lookup(order_number, name) values(104, "Global delays");
update  development_milestone_lookup set created_date=now();

delete from development_trauma_lookup;
insert into development_trauma_lookup(order_number, name) values(101, "Severe neglect");
insert into development_trauma_lookup(order_number, name) values(102, "Sexual abuse");
insert into development_trauma_lookup(order_number, name) values(103, "Physical abuse");
insert into development_trauma_lookup(order_number, name) values(104, "Emotional abuse");
insert into development_trauma_lookup(order_number, name) values(105, "Ritual abuse");
insert into development_trauma_lookup(order_number, name) values(106, "Other trauma");
update development_trauma_lookup set created_date=now();

delete from family_member_type_lookup;
insert into family_member_type_lookup(order_number, name) values(101, "Mother");
insert into family_member_type_lookup(order_number, name) values(102, "Father");
insert into family_member_type_lookup(order_number, name) values(103, "Sibling 1");
insert into family_member_type_lookup(order_number, name) values(104, "Sibling 2");
insert into family_member_type_lookup(order_number, name) values(105, "Sibling 3");
insert into family_member_type_lookup(order_number, name) values(106, "Maternal grandmother");
insert into family_member_type_lookup(order_number, name) values(107, "Maternal grandfather");
insert into family_member_type_lookup(order_number, name) values(108, "Paternal grandmother");
insert into family_member_type_lookup(order_number, name) values(109, "Paternal grandfather");
insert into family_member_type_lookup(order_number, name) values(110, "Unspecified");
update family_member_type_lookup set created_date=now();

delete from allergy_type_lookup ;
insert into allergy_type_lookup(order_number, name) values(101, "medicine");
insert into allergy_type_lookup(order_number, name) values(102, "other");
update allergy_type_lookup set created_date=now();

delete from psychometric_assessment_type_lookup ;
insert into psychometric_assessment_type_lookup(order_number, name) values(101, "MINI");
insert into psychometric_assessment_type_lookup(order_number, name) values(102, "ADHD MINI");
insert into psychometric_assessment_type_lookup(order_number, name) values(103, "MoCA");
insert into psychometric_assessment_type_lookup(order_number, name) values(104, "Stroop");
insert into psychometric_assessment_type_lookup(order_number, name) values(105, "Connor's continuous performance");
insert into psychometric_assessment_type_lookup(order_number, name) values(106, "Informal Card Sort");
insert into psychometric_assessment_type_lookup(order_number, name) values(107, "Neuropsychological tests from other sources");
update psychometric_assessment_type_lookup set created_date=now();

delete from scanned_form_type_lookup ;
insert into scanned_form_type_lookup(order_number, name) values(101, "clinical info" ) ;
insert into scanned_form_type_lookup(order_number, name) values(102, "consent forms" ) ;
insert into scanned_form_type_lookup(order_number, name) values(103, "financial forms" ) ;
insert into scanned_form_type_lookup(order_number, name) values(104, "technologist forms" ) ;
insert into scanned_form_type_lookup(order_number, name) values(105, "Activity worksheet " ) ;
insert into scanned_form_type_lookup(order_number, name) values(106, "Z-scores" ) ; 
insert into scanned_form_type_lookup(order_number, name) values(107, "SPECT Images" ) ; 
insert into scanned_form_type_lookup(order_number, name) values(108, "SPECT Report" ) ;
update scanned_form_type_lookup set created_date=now() ;

delete from dosage_lookup;
insert into dosage_lookup(order_number, name) values(100, "");
insert into dosage_lookup(order_number, name) values(101, "mg");
insert into dosage_lookup(order_number, name) values(102, "mcg");
insert into dosage_lookup(order_number, name) values(103, "ml - tsp");
insert into dosage_lookup(order_number, name) values(104, "ml - tbl");
insert into dosage_lookup(order_number, name) values(105, "units");
insert into dosage_lookup(order_number, name) values(106, "drop");
insert into dosage_lookup(order_number, name) values(107, "spray");
insert into dosage_lookup(order_number, name) values(108, "puff");
update dosage_lookup set created_date=now() ;

delete from schedule_lookup;
insert into schedule_lookup(order_number, name) values(100, "");
insert into schedule_lookup(order_number, name) values(101, "qAM");
insert into schedule_lookup(order_number, name) values(102, "qPM");
insert into schedule_lookup(order_number, name) values(103, "qHS");
insert into schedule_lookup(order_number, name) values(104, "B.I.D.");
insert into schedule_lookup(order_number, name) values(105, "T.I.D.");
insert into schedule_lookup(order_number, name) values(106, "Q.I.D.");
insert into schedule_lookup(order_number, name) values(107, "PRN");

delete from effective_lookup;
insert into effective_lookup(order_number, name) values(100, "Unknown");
insert into effective_lookup(order_number, name) values(101, "Effective");
insert into effective_lookup(order_number, name) values(102, "Mildly Effective");
insert into effective_lookup(order_number, name) values(103, "Ineffective");
update effective_lookup set created_date=now() ;

delete from concentration_task_lookup;
insert into concentration_task_lookup(order_number, name) values(100, "Stroop");
insert into concentration_task_lookup(order_number, name) values(102, "Connor's continuous performance");
insert into concentration_task_lookup(order_number, name) values(103, "Informal Card Sort");
update concentration_task_lookup set created_date=now() ;

delete from cs_injection_site_lookup;
insert into cs_injection_site_lookup(order_number, name) values(100, "Ancubital");
insert into cs_injection_site_lookup(order_number, name) values(101, "Hand");
insert into cs_injection_site_lookup(order_number, name) values(102, "Foot");
update cs_injection_site_lookup set created_date=now() ;

delete from bs_injection_site_lookup;
insert into bs_injection_site_lookup(order_number, name) values(100, "Ancubital");
insert into bs_injection_site_lookup(order_number, name) values(101, "Hand");
insert into bs_injection_site_lookup(order_number, name) values(102, "Foot");
update bs_injection_site_lookup set created_date=now() ;

delete from other_imaging_type_lookup;
insert into other_imaging_type_lookup(order_number, name) values(100, "MRI");
insert into other_imaging_type_lookup(order_number, name) values(101, "CT");
insert into other_imaging_type_lookup(order_number, name) values(102, "PET");
insert into other_imaging_type_lookup(order_number, name) values(103, "SPECT");
insert into other_imaging_type_lookup(order_number, name) values(104, "fMRI");
insert into other_imaging_type_lookup(order_number, name) values(105, "EEG");
update other_imaging_type_lookup set created_date=now() ;

delete from reading_physician_lookup;
insert into reading_physician_lookup(order_number, name) values(100, "Theodore Henderson");
insert into reading_physician_lookup(order_number, name) values(101, "Anwer Sheikh");
insert into reading_physician_lookup(order_number, name) values(102, "Greg Hipskind");
insert into reading_physician_lookup(order_number, name) values(103, "Alicia Cross");
insert into reading_physician_lookup(order_number, name) values(104, "Michael Uszler");
update reading_physician_lookup set created_date=now() ;

delete from loss_consciousness_lookup;
insert into loss_consciousness_lookup(order_number, name) values(100, "None");
insert into loss_consciousness_lookup(order_number, name) values(101, "Unsure");
insert into loss_consciousness_lookup(order_number, name) values(102, "Momentary");
insert into loss_consciousness_lookup(order_number, name) values(103, "< 30 minutes");
insert into loss_consciousness_lookup(order_number, name) values(104, "30 min -24 hours");
insert into loss_consciousness_lookup(order_number, name) values(105, ">24 hours");
update loss_consciousness_lookup set created_date=now() ;

delete from traumatic_amnesia_lookup;
insert into traumatic_amnesia_lookup(order_number, name) values(104, "None");
insert into traumatic_amnesia_lookup(order_number, name) values(105, "Unsure");
insert into traumatic_amnesia_lookup(order_number, name) values(100, "Momentary");
insert into traumatic_amnesia_lookup(order_number, name) values(101, "< 30 minutes");
insert into traumatic_amnesia_lookup(order_number, name) values(102, "30 min -24 hours");
insert into traumatic_amnesia_lookup(order_number, name) values(103, ">24 hours");
update traumatic_amnesia_lookup set created_date=now() ;

delete from physical_injury_lookup;
insert into physical_injury_lookup(order_number, name) values(100, "None");
insert into physical_injury_lookup(order_number, name) values(101, "Whiplash");
insert into physical_injury_lookup(order_number, name) values(102, "Concussion");
insert into physical_injury_lookup(order_number, name) values(103, "Skull fracture");
insert into physical_injury_lookup(order_number, name) values(104, "Contusion");
insert into physical_injury_lookup(order_number, name) values(105, "Laceration");
insert into physical_injury_lookup(order_number, name) values(106, "Hemmorrhage");
update physical_injury_lookup set created_date=now() ;

delete from degree_lookup;
insert into degree_lookup(order_number, name) values(100, "Please Select a Degree");
insert into degree_lookup(order_number, name) values(101, "M.D.");
insert into degree_lookup(order_number, name) values(102, "D.O.");
insert into degree_lookup(order_number, name) values(103, "P.A.");
insert into degree_lookup(order_number, name) values(104, "N.P.");
insert into degree_lookup(order_number, name) values(105, "______");
insert into degree_lookup(order_number, name) values(106, "Ph.D.");
insert into degree_lookup(order_number, name) values(107, "Psy.D.");
insert into degree_lookup(order_number, name) values(108, "LPC");
insert into degree_lookup(order_number, name) values(109, "MSW");
insert into degree_lookup(order_number, name) values(110, "LCSW");
insert into degree_lookup(order_number, name) values(111, "MFT");
insert into degree_lookup(order_number, name) values(112, "LMFT");
insert into degree_lookup(order_number, name) values(113, "N.D.");
insert into degree_lookup(order_number, name) values(114, "M.A.");
insert into degree_lookup(order_number, name) values(115, "M.S.");
update degree_lookup set created_date=now() ;

delete from mini_lookup ;
insert into mini_lookup(order_number, name) values(100,"Major Depressive Episode,  current") ;                               
insert into mini_lookup(order_number, name) values(101,"Major Depressive Episode, recurrent") ;                                    
insert into mini_lookup(order_number, name) values(102,"MDE with melancholic features, current") ;
insert into mini_lookup(order_number, name) values(103,"Dysthymia, current (past 2 yrs)") ;
insert into mini_lookup(order_number, name) values(104,"Suicidality, current  (past 2 yrs); low risk") ;                                          
insert into mini_lookup(order_number, name) values(105,"Suicidality, current  (past 2 yrs); moderate risk") ;                                           
insert into mini_lookup(order_number, name) values(106,"Suicidality, current  (past 2 yrs); high risk") ;                                          
insert into mini_lookup(order_number, name) values(107,"Manic Episode, current") ;                                                
insert into mini_lookup(order_number, name) values(108,"Manic Episode, most symptomatic past") ;                                             
insert into mini_lookup(order_number, name) values(109,"Manic Episode, current and symptomatic past") ;                                     
insert into mini_lookup(order_number, name) values(110,"Hypomanic Episode, current") ;                                         
insert into mini_lookup(order_number, name) values(111,"Hypomanic Episode, most symptomatic past") ;                                         
insert into mini_lookup(order_number, name) values(112,"Hypomanic Episode, current and symptomatic past") ;                                          
insert into mini_lookup(order_number, name) values(113,"Panic Disorder, current (past month)") ;                                           
insert into mini_lookup(order_number, name) values(114,"Panic Disorder, lifetime") ;                                           
insert into mini_lookup(order_number, name) values(115,"Panic Disorder, limited symptom attacks in lifetime") ;
insert into mini_lookup(order_number, name) values(116,"Agoraphobia, current") ;
insert into mini_lookup(order_number, name) values(117,"Panic Disorder without Agoraphobia, current") ;
insert into mini_lookup(order_number, name) values(118,"Panic Disorder with Agoraphobia, current") ;
insert into mini_lookup(order_number, name) values(119,"Agoraphobia, current without history of panic disorder") ; 
insert into mini_lookup(order_number, name) values(120,"Separation Anxiety Disorder, current (past month)") ;
insert into mini_lookup(order_number, name) values(121,"Social Anxiety Disorder, currrent (past month)") ;
insert into mini_lookup(order_number, name) values(122,"Obsessive Compulsive Disorder, current (past month)") ;                
insert into mini_lookup(order_number, name) values(123,"Obsessions") ;
insert into mini_lookup(order_number, name) values(124,"Compulsions") ;
insert into mini_lookup(order_number, name) values(125,"Posttraumatic Stress Disorder, current (past month)") ;                       
insert into mini_lookup(order_number, name) values(126,"Alcohol Dependence, past 12 months") ;
insert into mini_lookup(order_number, name) values(127,"Alcohol Abuse, past 12 months") ;
insert into mini_lookup(order_number, name) values(128,"Substance Dependence, past 12 months: stimulants") ;
insert into mini_lookup(order_number, name) values(129,"Substance Dependence, past 12 months: cocaine") ;
insert into mini_lookup(order_number, name) values(130,"Substance Dependence, past 12 months: narcotics") ;
insert into mini_lookup(order_number, name) values(131,"Substance Dependence, past 12 months: hallucinogens") ;
insert into mini_lookup(order_number, name) values(132,"Substance Dependence, past 12 months: phencyclidine") ;
insert into mini_lookup(order_number, name) values(133,"Substance Dependence, past 12 months: inhalants") ;
insert into mini_lookup(order_number, name) values(134,"Substance Dependence, past 12 months: marijuana") ;
insert into mini_lookup(order_number, name) values(135,"Substance Dependence, past 12 months: tranquilizers") ;
insert into mini_lookup(order_number, name) values(136,"Substance Dependence, past 12 months: steroids") ;
insert into mini_lookup(order_number, name) values(137,"Substance Dependence, past 12 months: non-Rx sleep aids") ;
insert into mini_lookup(order_number, name) values(138,"Substance Dependence, past 12 months: diet pills") ;
insert into mini_lookup(order_number, name) values(139,"Substance Dependence, past 12 months: misc drugs") ;                       
insert into mini_lookup(order_number, name) values(140,"Substance Abuse, past 12 months: stimulants") ;
insert into mini_lookup(order_number, name) values(141,"Substance Abuse, past 12 months: cocaine") ;
insert into mini_lookup(order_number, name) values(142,"Substance Abuse, past 12 months: narcotics") ;
insert into mini_lookup(order_number, name) values(143,"Substance Abuse, past 12 months: hallucinogens") ;
insert into mini_lookup(order_number, name) values(144,"Substance Abuse, past 12 months: phencyclidine") ;
insert into mini_lookup(order_number, name) values(145,"Substance Abuse, past 12 months: inhalants") ;
insert into mini_lookup(order_number, name) values(146,"Substance Abuse, past 12 months: marijuana") ;
insert into mini_lookup(order_number, name) values(147,"Substance Abuse, past 12 months: tranquilizers") ;
insert into mini_lookup(order_number, name) values(148,"Substance Abuse, past 12 months: steroids") ;
insert into mini_lookup(order_number, name) values(149,"Substance Abuse, past 12 months: non-Rx sleep aids") ;
insert into mini_lookup(order_number, name) values(150,"Substance Abuse, past 12 months: diet pills") ;
insert into mini_lookup(order_number, name) values(151,"Substance Abuse, past 12 months: misc drugs") ;
insert into mini_lookup(order_number, name) values(152,"Tourette's Disorder, current") ;		
insert into mini_lookup(order_number, name) values(153,"Motor TIC Disorder, current") ;		
insert into mini_lookup(order_number, name) values(154,"Vocal TIC Disorder, current") ;		
insert into mini_lookup(order_number, name) values(155,"Transient TIC Disorder, current") ;		
insert into mini_lookup(order_number, name) values(156,"ADHD combined") ;		
insert into mini_lookup(order_number, name) values(157,"ADHD inattentive") ;		
insert into mini_lookup(order_number, name) values(158,"ADHD hyperactive/impulsive") ;
insert into mini_lookup(order_number, name) values(159,"Psychotic Disorder, current") ;                                    
insert into mini_lookup(order_number, name) values(160,"Psychotic Disorder, lifetime") ;
insert into mini_lookup(order_number, name) values(161,"Mood Disorder with psychotic features, current") ;          
insert into mini_lookup(order_number, name) values(162,"Mood Disorder with psychotic features, lifetime") ;          
insert into mini_lookup(order_number, name) values(163,"Anorexia Nervosa, current (past 3 months)") ;   
insert into mini_lookup(order_number, name) values(164,"Bulimia Nervosa, current (past 3 months)") ;                                         
insert into mini_lookup(order_number, name) values(165,"Anorexia Nervosa, binge eating/purging type, current") ;
insert into mini_lookup(order_number, name) values(166,"Generalized Anxiety Disorder, current (past 6 months)") ;
insert into mini_lookup(order_number, name) values(167,"Adjustment Disorders, current") ;
insert into mini_lookup(order_number, name) values(168,"Pervasive Developmental Disorder, current") ;
insert into mini_lookup(order_number, name) values(169,"Conduct Disorder (past 12 months)") ;
insert into mini_lookup(order_number, name) values(170,"Oppositional Defiant Disorder (past 6 months)") ;
insert into mini_lookup(order_number, name) values(171,"Antisocial Personality Disorder, lifetime") ;
update mini_lookup set created_date=now() ;

delete from drug_abuse_lookup ;
insert into drug_abuse_lookup(order_number, name) values(100,"Benzodiazapines");
insert into drug_abuse_lookup(order_number, name) values(101,"Codeine") ;
insert into drug_abuse_lookup(order_number, name) values(102,"Morphine") ;
insert into drug_abuse_lookup(order_number, name) values(103,"Narcotics") ;
insert into drug_abuse_lookup(order_number, name) values(104,"Steroids") ;
insert into drug_abuse_lookup(order_number, name) values(105,"Stimulants") ;
update drug_abuse_lookup set created_date=now() ;

delete from recreational_drug_lookup ;
insert into recreational_drug_lookup(order_number, name) values(100,"Stimulants");
insert into recreational_drug_lookup(order_number, name) values(101,"Cocaine");
insert into recreational_drug_lookup(order_number, name) values(102,"Hallucinogens");
insert into recreational_drug_lookup(order_number, name) values(103,"Inhalants");
insert into recreational_drug_lookup(order_number, name) values(104,"Marijuana");
insert into recreational_drug_lookup(order_number, name) values(105,"Tranquilizers");
insert into recreational_drug_lookup(order_number, name) values(106,"Heroin");
insert into recreational_drug_lookup(order_number, name) values(107,"Ecstacy");
insert into recreational_drug_lookup(order_number, name) values(108,"Miscellaneous drugs");
update recreational_drug_lookup set created_date=now();

delete from brain_area_lookup ;
insert into brain_area_lookup(order_number, name) values (100, "frontal lobe");
insert into brain_area_lookup(order_number, name) values (101, "anterior frontal"); 
insert into brain_area_lookup(order_number, name) values (102, "anterolateral frontal");
insert into brain_area_lookup(order_number, name) values (103, "inferior frontal"); 
insert into brain_area_lookup(order_number, name) values (104, "lateral frontal"); 
insert into brain_area_lookup(order_number, name) values (105, "orbital frontal"); 
insert into brain_area_lookup(order_number, name) values (106, "posterior frontal"); 
insert into brain_area_lookup(order_number, name) values (107, "superior anterior frontal"); 
insert into brain_area_lookup(order_number, name) values (108, "superior posterior frontal"); 
insert into brain_area_lookup(order_number, name) values (109, "superior posterior fronto-parietal");
insert into brain_area_lookup(order_number, name) values (110, "frontoparietal"); 
insert into brain_area_lookup(order_number, name) values (111, "parietal lobe");
insert into brain_area_lookup(order_number, name) values (112, "anterior parietal"); 
insert into brain_area_lookup(order_number, name) values (113, "lateral parietal"); 
insert into brain_area_lookup(order_number, name) values (114, "posterior parietal"); 
insert into brain_area_lookup(order_number, name) values (115, "superior parietal");
insert into brain_area_lookup(order_number, name) values (116, "parieto-occipital"); 
insert into brain_area_lookup(order_number, name) values (117, "occipital lobe");
insert into brain_area_lookup(order_number, name) values (118, "temporal lobe");	
insert into brain_area_lookup(order_number, name) values (119, "anterior temporal"); 
insert into brain_area_lookup(order_number, name) values (120, "anteromedial temporal"); 
insert into brain_area_lookup(order_number, name) values (121, "lateral temporal"); 
insert into brain_area_lookup(order_number, name) values (122, "medial temporal"); 
insert into brain_area_lookup(order_number, name) values (123, "posterior temporal"); 
insert into brain_area_lookup(order_number, name) values (124, "temporo-parietal"); 
insert into brain_area_lookup(order_number, name) values (125, "cerebellum"); 
insert into brain_area_lookup(order_number, name) values (126, "anterior cerebellum");
insert into brain_area_lookup(order_number, name) values (127, "cerebellar vermis");
insert into brain_area_lookup(order_number, name) values (128, "crossed cerebellar diaschisis");	
insert into brain_area_lookup(order_number, name) values (129, "brain stem");
update brain_area_lookup set created_date=now();

delete from brain_hemisphere_lookup ;
insert into brain_hemisphere_lookup(order_number, name) value (100, "Right") ;
insert into brain_hemisphere_lookup(order_number, name) value (101, "Left") ;
insert into brain_hemisphere_lookup(order_number, name) value (102, "Bilateral") ;
insert into brain_hemisphere_lookup(order_number, name) value (103, "-") ;
update brain_hemisphere_lookup set created_date=now() ;